UUID,Cluster,Image_Names
YES_5H1A4732,-1,YES_5H1A4732.jpg
YES_5H1A4478,-1,YES_5H1A4478.jpg
YES_5H1A5014,0,YES_5H1A5014.jpg
YES_5H1A5028,0,YES_5H1A5028.jpg
YES_5H1A4849,-1,YES_5H1A4849.jpg
YES_5H1A4653,-1,YES_5H1A4653.jpg
YES_5H1A5217,0,YES_5H1A5217.jpg
YES_5H1A5203,0,YES_5H1A5203.jpg
YES_5H1A4848,-1,YES_5H1A4848.jpg
YES_5H1A4874,-1,YES_5H1A4874.jpg
YES_5H1A4451,-1,YES_5H1A4451.jpg
YES_5H1A4479,-1,YES_5H1A4479.jpg
YES_5H1A4486,-1,YES_5H1A4486.jpg
YES_5H1A5161,-1,YES_5H1A5161.jpg
YES_5H1A5439,-1,YES_5H1A5439.jpg
YES_5H1A5363,1,YES_5H1A5363.jpg
YES_5H1A5377,-1,YES_5H1A5377.jpg
YES_5H1A5361,1,YES_5H1A5361.jpg
YES_5H1A5375,-1,YES_5H1A5375.jpg
YES_5H1A5163,0,YES_5H1A5163.jpg
YES_5H1A4490,-1,YES_5H1A4490.jpg
YES_5H1A5215,0,YES_5H1A5215.jpg
YES_5H1A4644,-1,YES_5H1A4644.jpg
YES_5H1A5214,0,YES_5H1A5214.jpg
YES_5H1A4863,0,YES_5H1A4863.jpg
YES_5H1A5162,0,YES_5H1A5162.jpg
YES_5H1A5360,1,YES_5H1A5360.jpg
YES_5H1A4917,-1,YES_5H1A4917.jpg
YES_5H1A4734,-1,YES_5H1A4734.jpg
YES_5H1A5199,0,YES_5H1A5199.jpg
YES_5H1A4536,2,YES_5H1A4536.jpg
YES_5H1A5166,0,YES_5H1A5166.jpg
YES_5H1A4481,-1,YES_5H1A4481.jpg
YES_5H1A5012,0,YES_5H1A5012.jpg
YES_5H1A4873,0,YES_5H1A4873.jpg
YES_5H1A4867,-1,YES_5H1A4867.jpg
YES_5H1A4654,-1,YES_5H1A4654.jpg
YES_5H1A4655,-1,YES_5H1A4655.jpg
YES_5H1A4866,0,YES_5H1A4866.jpg
YES_5H1A4443,-1,YES_5H1A4443.jpg
YES_5H1A4457,-1,YES_5H1A4457.jpg
YES_5H1A4480,-1,YES_5H1A4480.jpg
YES_5H1A4537,-1,YES_5H1A4537.jpg
YES_5H1A5198,0,YES_5H1A5198.jpg
YES_5H1A5371,-1,YES_5H1A5371.jpg
YES_5H1A5398,-1,YES_5H1A5398.jpg
YES_5H1A4904,-1,YES_5H1A4904.jpg
YES_5H1A4521,-1,YES_5H1A4521.jpg
YES_5H1A5165,0,YES_5H1A5165.jpg
YES_5H1A4482,0,YES_5H1A4482.jpg
YES_5H1A4858,0,YES_5H1A4858.jpg
YES_5H1A4864,0,YES_5H1A4864.jpg
YES_5H1A4870,-1,YES_5H1A4870.jpg
YES_5H1A4657,-1,YES_5H1A4657.jpg
YES_5H1A5207,0,YES_5H1A5207.jpg
YES_5H1A5213,0,YES_5H1A5213.jpg
YES_5H1A5212,0,YES_5H1A5212.jpg
YES_5H1A4656,-1,YES_5H1A4656.jpg
YES_5H1A4871,-1,YES_5H1A4871.jpg
YES_5H1A4865,0,YES_5H1A4865.jpg
YES_5H1A4483,-1,YES_5H1A4483.jpg
YES_5H1A5164,0,YES_5H1A5164.jpg
YES_5H1A5170,0,YES_5H1A5170.jpg
YES_5H1A4520,-1,YES_5H1A4520.jpg
YES_5H1A5400,-1,YES_5H1A5400.jpg
YES_5H1A5372,1,YES_5H1A5372.jpg
YES_5H1A4736,-1,YES_5H1A4736.jpg
YES_5H1A4962,0,YES_5H1A4962.jpg
YES_5H1A4786,-1,YES_5H1A4786.jpg
YES_5H1A5315,-1,YES_5H1A5315.jpg
YES_5H1A5473,-1,YES_5H1A5473.jpg
YES_5H1A5467,-1,YES_5H1A5467.jpg
YES_5H1A5117,-1,YES_5H1A5117.jpg
YES_5H1A5103,-1,YES_5H1A5103.jpg
YES_5H1A5088,-1,YES_5H1A5088.jpg
YES_5H1A5063,-1,YES_5H1A5063.jpg
YES_5H1A5261,0,YES_5H1A5261.jpg
YES_5H1A4619,-1,YES_5H1A4619.jpg
YES_5H1A5275,0,YES_5H1A5275.jpg
YES_5H1A5249,0,YES_5H1A5249.jpg
YES_5H1A4552,2,YES_5H1A4552.jpg
YES_5H1A4585,-1,YES_5H1A4585.jpg
YES_5H1A4744,0,YES_5H1A4744.jpg
YES_5H1A4750,0,YES_5H1A4750.jpg
YES_5H1A5466,-1,YES_5H1A5466.jpg
YES_5H1A5300,-1,YES_5H1A5300.jpg
YES_5H1A5472,-1,YES_5H1A5472.jpg
YES_5H1A4977,0,YES_5H1A4977.jpg
YES_5H1A4961,0,YES_5H1A4961.jpg
YES_5H1A4785,-1,YES_5H1A4785.jpg
YES_5H1A4593,-1,YES_5H1A4593.jpg
YES_5H1A4578,-1,YES_5H1A4578.jpg
YES_5H1A5100,-1,YES_5H1A5100.jpg
YES_5H1A4550,2,YES_5H1A4550.jpg
YES_5H1A5263,0,YES_5H1A5263.jpg
YES_5H1A5288,-1,YES_5H1A5288.jpg
YES_5H1A4828,-1,YES_5H1A4828.jpg
YES_5H1A4551,2,YES_5H1A4551.jpg
YES_5H1A4545,-1,YES_5H1A4545.jpg
YES_5H1A5101,-1,YES_5H1A5101.jpg
YES_5H1A4753,0,YES_5H1A4753.jpg
YES_5H1A5471,-1,YES_5H1A5471.jpg
YES_5H1A4948,3,YES_5H1A4948.jpg
YES_5H1A4960,0,YES_5H1A4960.jpg
YES_5H1A4964,-1,YES_5H1A4964.jpg
YES_5H1A4582,0,YES_5H1A4582.jpg
YES_5H1A4569,0,YES_5H1A4569.jpg
YES_5H1A4838,0,YES_5H1A4838.jpg
YES_5H1A4623,-1,YES_5H1A4623.jpg
YES_5H1A5273,0,YES_5H1A5273.jpg
YES_5H1A5266,0,YES_5H1A5266.jpg
YES_5H1A5272,0,YES_5H1A5272.jpg
YES_5H1A4622,0,YES_5H1A4622.jpg
YES_5H1A5299,-1,YES_5H1A5299.jpg
YES_5H1A5312,-1,YES_5H1A5312.jpg
YES_5H1A5460,-1,YES_5H1A5460.jpg
YES_5H1A5306,-1,YES_5H1A5306.jpg
YES_5H1A5448,-1,YES_5H1A5448.jpg
YES_5H1A4959,0,YES_5H1A4959.jpg
YES_5H1A5489,-1,YES_5H1A5489.jpg
YES_5H1A4967,0,YES_5H1A4967.jpg
YES_5H1A4768,-1,YES_5H1A4768.jpg
YES_5H1A5304,-1,YES_5H1A5304.jpg
YES_5H1A4595,0,YES_5H1A4595.jpg
YES_5H1A5099,0,YES_5H1A5099.jpg
YES_5H1A5066,-1,YES_5H1A5066.jpg
YES_5H1A5072,-1,YES_5H1A5072.jpg
YES_5H1A4644 1,-1,YES_5H1A4644 1.jpg
YES_5H1A4620,-1,YES_5H1A4620.jpg
YES_5H1A5258,0,YES_5H1A5258.jpg
YES_5H1A5264,0,YES_5H1A5264.jpg
YES_5H1A5259,0,YES_5H1A5259.jpg
YES_5H1A4594,-1,YES_5H1A4594.jpg
YES_5H1A5311,-1,YES_5H1A5311.jpg
YES_5H1A5491,-1,YES_5H1A5491.jpg
YES_5H1A4758,0,YES_5H1A4758.jpg
YES_5H1A4764,0,YES_5H1A4764.jpg
YES_5H1A5122,-1,YES_5H1A5122.jpg
YES_5H1A4837,0,YES_5H1A4837.jpg
YES_5H1A5254,0,YES_5H1A5254.jpg
YES_5H1A4611,-1,YES_5H1A4611.jpg
YES_5H1A5255,0,YES_5H1A5255.jpg
YES_5H1A4836,0,YES_5H1A4836.jpg
YES_5H1A5123,-1,YES_5H1A5123.jpg
YES_5H1A4765,-1,YES_5H1A4765.jpg
YES_5H1A4759,0,YES_5H1A4759.jpg
YES_5H1A5490,-1,YES_5H1A5490.jpg
YES_5H1A5486,-1,YES_5H1A5486.jpg
YES_5H1A4968,0,YES_5H1A4968.jpg
YES_5H1A4767,-1,YES_5H1A4767.jpg
YES_5H1A5135,-1,YES_5H1A5135.jpg
YES_5H1A5294,-1,YES_5H1A5294.jpg
YES_5H1A4834,0,YES_5H1A4834.jpg
YES_5H1A5242,-1,YES_5H1A5242.jpg
YES_5H1A5054,0,YES_5H1A5054.jpg
YES_5H1A4570,0,YES_5H1A4570.jpg
YES_5H1A4969,0,YES_5H1A4969.jpg
YES_5H1A5493,-1,YES_5H1A5493.jpg
YES_5H1A5430_1,-1,YES_5H1A5430_1.jpg
YES_5H1A4979,0,YES_5H1A4979.jpg
YES_5H1A4951,3,YES_5H1A4951.jpg
YES_5H1A4762,-1,YES_5H1A4762.jpg
YES_5H1A4992,-1,YES_5H1A4992.jpg
YES_5H1A5454,-1,YES_5H1A5454.jpg
YES_5H1A5118,-1,YES_5H1A5118.jpg
YES_5H1A4819,-1,YES_5H1A4819.jpg
YES_5H1A4831,-1,YES_5H1A4831.jpg
YES_5H1A5252,0,YES_5H1A5252.jpg
YES_5H1A5246,0,YES_5H1A5246.jpg
YES_5H1A5247,0,YES_5H1A5247.jpg
YES_5H1A5284,0,YES_5H1A5284.jpg
YES_5H1A4537 1,-1,YES_5H1A4537 1.jpg
YES_5H1A4549,2,YES_5H1A4549.jpg
YES_5H1A5119,-1,YES_5H1A5119.jpg
YES_5H1A4561,-1,YES_5H1A4561.jpg
YES_5H1A5455,-1,YES_5H1A5455.jpg
YES_5H1A5469,-1,YES_5H1A5469.jpg
YES_5H1A4950,3,YES_5H1A4950.jpg
YES_5H1A4788,-1,YES_5H1A4788.jpg
YES_5H1A4978,0,YES_5H1A4978.jpg
YES_5H1A4952,3,YES_5H1A4952.jpg
YES_5H1A4946,3,YES_5H1A4946.jpg
YES_5H1A5480,-1,YES_5H1A5480.jpg
YES_5H1A4761,-1,YES_5H1A4761.jpg
YES_5H1A4991,-1,YES_5H1A4991.jpg
YES_5H1A5457,-1,YES_5H1A5457.jpg
YES_5H1A4749,0,YES_5H1A4749.jpg
YES_5H1A5084,-1,YES_5H1A5084.jpg
YES_5H1A5286,-1,YES_5H1A5286.jpg
YES_5H1A5245,0,YES_5H1A5245.jpg
YES_5H1A5250,0,YES_5H1A5250.jpg
YES_5H1A5244,-1,YES_5H1A5244.jpg
YES_5H1A5293,-1,YES_5H1A5293.jpg
YES_5H1A5287,-1,YES_5H1A5287.jpg
YES_5H1A5091,-1,YES_5H1A5091.jpg
YES_5H1A5085,-1,YES_5H1A5085.jpg
YES_5H1A4562,-1,YES_5H1A4562.jpg
YES_5H1A4576,0,YES_5H1A4576.jpg
YES_5H1A4748,0,YES_5H1A4748.jpg
YES_5H1A5318,-1,YES_5H1A5318.jpg
YES_5H1A4760,0,YES_5H1A4760.jpg
YES_5H1A5481,-1,YES_5H1A5481.jpg
YES_5H1A4947,3,YES_5H1A4947.jpg
YES_5H1A5380,-1,YES_5H1A5380.jpg
YES_5H1A4920,0,YES_5H1A4920.jpg
YES_5H1A5196,0,YES_5H1A5196.jpg
YES_5H1A4457 1,-1,YES_5H1A4457 1.jpg
YES_5H1A4459,-1,YES_5H1A4459.jpg
YES_5H1A4840,0,YES_5H1A4840.jpg
YES_5H1A4854,0,YES_5H1A4854.jpg
YES_5H1A4868,-1,YES_5H1A4868.jpg
YES_5H1A4883,-1,YES_5H1A4883.jpg
YES_5H1A5223,0,YES_5H1A5223.jpg
YES_5H1A4882,-1,YES_5H1A4882.jpg
YES_5H1A5222,0,YES_5H1A5222.jpg
YES_5H1A4855,0,YES_5H1A4855.jpg
YES_5H1A4841,0,YES_5H1A4841.jpg
YES_5H1A5020,0,YES_5H1A5020.jpg
YES_5H1A5168,0,YES_5H1A5168.jpg
YES_5H1A4538,-1,YES_5H1A4538.jpg
YES_5H1A5154,0,YES_5H1A5154.jpg
YES_5H1A5183,-1,YES_5H1A5183.jpg
YES_5H1A5197,0,YES_5H1A5197.jpg
YES_5H1A5430,-1,YES_5H1A5430.jpg
YES_5H1A5381,-1,YES_5H1A5381.jpg
YES_5H1A4921,-1,YES_5H1A4921.jpg
YES_5H1A4937,0,YES_5H1A4937.jpg
YES_5H1A5368,-1,YES_5H1A5368.jpg
YES_5H1A4843,0,YES_5H1A4843.jpg
YES_5H1A4894,0,YES_5H1A4894.jpg
YES_5H1A4880,0,YES_5H1A4880.jpg
YES_5H1A5209,0,YES_5H1A5209.jpg
YES_5H1A4881,-1,YES_5H1A4881.jpg
YES_5H1A4895,0,YES_5H1A4895.jpg
YES_5H1A4856,0,YES_5H1A4856.jpg
YES_5H1A5023,0,YES_5H1A5023.jpg
YES_5H1A4498,0,YES_5H1A4498.jpg
YES_5H1A5157,-1,YES_5H1A5157.jpg
YES_5H1A4711,-1,YES_5H1A4711.jpg
YES_5H1A4936,0,YES_5H1A4936.jpg
YES_5H1A4926,0,YES_5H1A4926.jpg
YES_5H1A4932,0,YES_5H1A4932.jpg
YES_5H1A5379,-1,YES_5H1A5379.jpg
YES_5H1A4715,-1,YES_5H1A4715.jpg
YES_5H1A5345,-1,YES_5H1A5345.jpg
YES_5H1A5437,-1,YES_5H1A5437.jpg
YES_5H1A5184,-1,YES_5H1A5184.jpg
YES_5H1A5190,-1,YES_5H1A5190.jpg
YES_5H1A4852,0,YES_5H1A4852.jpg
YES_5H1A4649,-1,YES_5H1A4649.jpg
YES_5H1A4885,0,YES_5H1A4885.jpg
YES_5H1A5225,0,YES_5H1A5225.jpg
YES_5H1A4884,0,YES_5H1A4884.jpg
YES_5H1A4853,0,YES_5H1A4853.jpg
YES_5H1A5026,0,YES_5H1A5026.jpg
YES_5H1A4476,-1,YES_5H1A4476.jpg
YES_5H1A5191,-1,YES_5H1A5191.jpg
YES_5H1A4654 1,-1,YES_5H1A4654 1.jpg
YES_5H1A5344,-1,YES_5H1A5344.jpg
YES_5H1A5378,1,YES_5H1A5378.jpg
YES_5H1A4927,0,YES_5H1A4927.jpg
YES_5H1A4931,0,YES_5H1A4931.jpg
YES_5H1A4925,-1,YES_5H1A4925.jpg
YES_5H1A5385,1,YES_5H1A5385.jpg
YES_5H1A5193,-1,YES_5H1A5193.jpg
YES_5H1A4528,-1,YES_5H1A4528.jpg
YES_5H1A5144,-1,YES_5H1A5144.jpg
YES_5H1A4448,-1,YES_5H1A4448.jpg
YES_5H1A4689,-1,YES_5H1A4689.jpg
YES_5H1A5226,0,YES_5H1A5226.jpg
YES_5H1A4886,0,YES_5H1A4886.jpg
YES_5H1A4892,0,YES_5H1A4892.jpg
YES_5H1A4893,0,YES_5H1A4893.jpg
YES_5H1A4887,0,YES_5H1A4887.jpg
YES_5H1A4850,-1,YES_5H1A4850.jpg
YES_5H1A5186,-1,YES_5H1A5186.jpg
YES_5H1A5192,-1,YES_5H1A5192.jpg
YES_5H1A5409,-1,YES_5H1A5409.jpg
YES_5H1A4918,-1,YES_5H1A4918.jpg
