person_01,YES_5H1A4785.jpg|YES_5H1A4622.jpg|YES_5H1A5164.jpg|YES_5H1A4732.jpg|YES_5H1A4767.jpg|YES_5H1A4744.jpg|YES_5H1A4538.jpg|YES_5H1A5163.jpg|YES_5H1A4619.jpg|YES_5H1A4551.jpg|YES_5H1A4550.jpg|YES_5H1A4768.jpg|YES_5H1A4576.jpg|YES_5H1A4570.jpg|YES_5H1A5166.jpg|YES_5H1A4562.jpg|YES_5H1A5275.jpg|YES_5H1A5272.jpg|YES_5H1A4443.jpg|YES_5H1A5261.jpg|YES_5H1A5168.jpg|YES_5H1A4620.jpg|YES_5H1A5254.jpg|YES_5H1A4788.jpg|YES_5H1A5170.jpg|YES_5H1A4593.jpg|YES_5H1A5263.jpg|YES_5H1A4734.jpg|YES_5H1A4850.jpg|YES_5H1A4595.jpg|YES_5H1A4569.jpg|YES_5H1A4578.jpg|YES_5H1A4786.jpg|YES_5H1A4736.jpg|YES_5H1A5165.jpg|YES_5H1A5273.jpg|YES_5H1A5162.jpg|YES_5H1A4545.jpg|YES_5H1A4849.jpg|YES_5H1A5259.jpg|YES_5H1A4611.jpg|YES_5H1A4549.jpg|YES_5H1A4748.jpg|YES_5H1A4561.jpg|YES_5H1A4761.jpg|YES_5H1A4537 1.jpg|YES_5H1A5252.jpg|YES_5H1A5264.jpg|YES_5H1A4848.jpg|YES_5H1A5266.jpg|YES_5H1A5258.jpg
person_02,YES_5H1A4622.jpg|YES_5H1A5164.jpg|YES_5H1A4744.jpg|YES_5H1A5226.jpg|YES_5H1A4619.jpg|YES_5H1A5163.jpg|YES_5H1A4576.jpg|YES_5H1A4570.jpg|YES_5H1A5166.jpg|YES_5H1A4623.jpg|YES_5H1A4562.jpg|YES_5H1A4443.jpg|YES_5H1A5168.jpg|YES_5H1A4715.jpg|YES_5H1A5170.jpg|YES_5H1A4476.jpg|YES_5H1A4850.jpg|YES_5H1A4595.jpg|YES_5H1A4569.jpg|YES_5H1A4711.jpg|YES_5H1A4578.jpg|YES_5H1A5207.jpg|YES_5H1A5225.jpg|YES_5H1A5165.jpg|YES_5H1A5162.jpg|YES_5H1A4849.jpg|YES_5H1A4611.jpg|YES_5H1A4585.jpg|YES_5H1A4689.jpg|YES_5H1A5284.jpg|YES_5H1A4848.jpg|YES_5H1A4594.jpg
person_03,YES_5H1A4622.jpg|YES_5H1A4959.jpg|YES_5H1A4732.jpg|YES_5H1A4619.jpg|YES_5H1A4967.jpg|YES_5H1A4920.jpg|YES_5H1A4582.jpg|YES_5H1A4977.jpg|YES_5H1A4576.jpg|YES_5H1A4570.jpg|YES_5H1A4961.jpg|YES_5H1A5460.jpg|YES_5H1A5467.jpg|YES_5H1A4623.jpg|YES_5H1A5448.jpg|YES_5H1A5430.jpg|YES_5H1A4443.jpg|YES_5H1A4964.jpg|YES_5H1A4620.jpg|YES_5H1A4969.jpg|YES_5H1A4715.jpg|YES_5H1A4960.jpg|YES_5H1A4476.jpg|YES_5H1A5457.jpg|YES_5H1A4978.jpg|YES_5H1A4734.jpg|YES_5H1A4711.jpg|YES_5H1A4569.jpg|YES_5H1A4917.jpg|YES_5H1A4578.jpg|YES_5H1A5466.jpg|YES_5H1A4736.jpg|YES_5H1A5054.jpg|YES_5H1A4925.jpg|YES_5H1A4979.jpg|YES_5H1A4921.jpg|YES_5H1A4611.jpg|YES_5H1A4968.jpg|YES_5H1A4561.jpg|YES_5H1A5454.jpg|YES_5H1A4992.jpg|YES_5H1A4991.jpg
person_04,YES_5H1A4732.jpg|YES_5H1A4576.jpg|YES_5H1A5375.jpg|YES_5H1A4570.jpg|YES_5H1A4657.jpg|YES_5H1A4655.jpg|YES_5H1A4562.jpg|YES_5H1A4656.jpg|YES_5H1A4443.jpg|YES_5H1A4649.jpg|YES_5H1A4654 1.jpg|YES_5H1A4653.jpg|YES_5H1A5377.jpg|YES_5H1A4734.jpg|YES_5H1A4644 1.jpg|YES_5H1A4569.jpg|YES_5H1A4578.jpg|YES_5H1A4736.jpg|YES_5H1A4654.jpg|YES_5H1A4561.jpg|YES_5H1A4644.jpg
person_05,YES_5H1A4886.jpg|YES_5H1A4622.jpg|YES_5H1A4732.jpg|YES_5H1A4895.jpg|YES_5H1A4619.jpg|YES_5H1A4881.jpg|YES_5H1A4576.jpg|YES_5H1A4570.jpg|YES_5H1A4655.jpg|YES_5H1A4657.jpg|YES_5H1A4490.jpg|YES_5H1A4623.jpg|YES_5H1A4562.jpg|YES_5H1A4932.jpg|YES_5H1A4656.jpg|YES_5H1A4887.jpg|YES_5H1A4443.jpg|YES_5H1A4649.jpg|YES_5H1A4482.jpg|YES_5H1A4498.jpg|YES_5H1A4654 1.jpg|YES_5H1A4715.jpg|YES_5H1A4653.jpg|YES_5H1A4593.jpg|YES_5H1A4734.jpg|YES_5H1A4480.jpg|YES_5H1A4595.jpg|YES_5H1A4569.jpg|YES_5H1A4711.jpg|YES_5H1A4578.jpg|YES_5H1A4894.jpg|YES_5H1A4644 1.jpg|YES_5H1A4871.jpg|YES_5H1A4520.jpg|YES_5H1A4892.jpg|YES_5H1A4736.jpg|YES_5H1A4479.jpg|YES_5H1A4931.jpg|YES_5H1A4885.jpg|YES_5H1A4611.jpg|YES_5H1A4654.jpg|YES_5H1A4481.jpg|YES_5H1A4585.jpg|YES_5H1A4689.jpg|YES_5H1A5360.jpg|YES_5H1A4870.jpg|YES_5H1A4486.jpg|YES_5H1A4561.jpg|YES_5H1A4644.jpg|YES_5H1A4893.jpg|YES_5H1A4594.jpg
person_06,YES_5H1A4443.jpg|YES_5H1A4611.jpg|YES_5H1A5123.jpg|YES_5H1A4594.jpg|YES_5H1A4620.jpg|YES_5H1A4619.jpg|YES_5H1A4585.jpg|YES_5H1A4715.jpg|YES_5H1A4689.jpg|YES_5H1A4561.jpg|YES_5H1A4476.jpg|YES_5H1A4593.jpg|YES_5H1A4576.jpg|YES_5H1A4570.jpg|YES_5H1A4562.jpg|YES_5H1A4711.jpg|YES_5H1A4569.jpg|YES_5H1A4578.jpg
person_07,YES_5H1A4655.jpg|YES_5H1A4570.jpg|YES_5H1A4657.jpg|YES_5H1A4562.jpg|YES_5H1A4656.jpg|YES_5H1A4649.jpg|YES_5H1A4654 1.jpg|YES_5H1A4715.jpg|YES_5H1A4653.jpg|YES_5H1A4711.jpg|YES_5H1A4569.jpg|YES_5H1A4644 1.jpg|YES_5H1A4578.jpg|YES_5H1A4520.jpg|YES_5H1A4528.jpg|YES_5H1A4654.jpg|YES_5H1A4689.jpg|YES_5H1A4561.jpg|YES_5H1A4644.jpg
person_08,YES_5H1A4443.jpg|YES_5H1A4736.jpg|YES_5H1A4732.jpg|YES_5H1A4619.jpg|YES_5H1A4562.jpg|YES_5H1A4561.jpg|YES_5H1A4483.jpg|YES_5H1A4576.jpg|YES_5H1A4570.jpg|YES_5H1A4734.jpg|YES_5H1A4623.jpg|YES_5H1A4595.jpg|YES_5H1A4569.jpg|YES_5H1A4578.jpg
person_09,YES_5H1A4950.jpg|YES_5H1A4947.jpg|YES_5H1A4576.jpg|YES_5H1A4570.jpg|YES_5H1A4932.jpg|YES_5H1A4937.jpg|YES_5H1A5099.jpg|YES_5H1A4443.jpg|YES_5H1A4715.jpg|YES_5H1A4946.jpg|YES_5H1A4711.jpg|YES_5H1A4569.jpg|YES_5H1A4578.jpg|YES_5H1A4952.jpg|YES_5H1A5084.jpg|YES_5H1A4520.jpg|YES_5H1A4948.jpg|YES_5H1A5135.jpg|YES_5H1A5122.jpg|YES_5H1A5123.jpg|YES_5H1A4689.jpg|YES_5H1A4927.jpg
person_10,YES_5H1A4950.jpg|YES_5H1A4947.jpg|YES_5H1A5026.jpg|YES_5H1A5072.jpg|YES_5H1A4932.jpg|YES_5H1A5012.jpg|YES_5H1A4937.jpg|YES_5H1A5020.jpg|YES_5H1A5099.jpg|YES_5H1A4946.jpg|YES_5H1A5085.jpg|YES_5H1A5023.jpg|YES_5H1A5088.jpg|YES_5H1A5028.jpg|YES_5H1A4952.jpg|YES_5H1A5084.jpg|YES_5H1A4948.jpg|YES_5H1A5135.jpg|YES_5H1A5014.jpg|YES_5H1A5122.jpg|YES_5H1A4926.jpg|YES_5H1A4931.jpg|YES_5H1A4904.jpg|YES_5H1A5123.jpg|YES_5H1A5117.jpg|YES_5H1A4951.jpg|YES_5H1A5091.jpg|YES_5H1A4927.jpg|YES_5H1A5100.jpg|YES_5H1A5066.jpg
person_11,YES_5H1A4649.jpg|YES_5H1A5294.jpg|YES_5H1A4831.jpg|YES_5H1A4819.jpg|YES_5H1A4715.jpg|YES_5H1A4689.jpg|YES_5H1A4653.jpg|YES_5H1A4561.jpg|YES_5H1A4576.jpg|YES_5H1A4570.jpg|YES_5H1A4655.jpg|YES_5H1A4657.jpg|YES_5H1A4562.jpg|YES_5H1A4656.jpg|YES_5H1A4711.jpg|YES_5H1A4569.jpg|YES_5H1A4578.jpg
person_12,YES_5H1A4576.jpg|YES_5H1A4570.jpg|YES_5H1A4490.jpg|YES_5H1A4657.jpg|YES_5H1A4562.jpg|YES_5H1A4656.jpg|YES_5H1A4649.jpg|YES_5H1A4482.jpg|YES_5H1A4498.jpg|YES_5H1A4654 1.jpg|YES_5H1A4715.jpg|YES_5H1A4653.jpg|YES_5H1A4711.jpg|YES_5H1A4569.jpg|YES_5H1A4644 1.jpg|YES_5H1A4578.jpg|YES_5H1A4483.jpg|YES_5H1A4654.jpg|YES_5H1A4689.jpg|YES_5H1A4561.jpg|YES_5H1A4644.jpg
person_13,YES_5H1A4950.jpg|YES_5H1A5084.jpg|YES_5H1A4948.jpg|YES_5H1A4918.jpg|YES_5H1A5117.jpg|YES_5H1A4920.jpg|YES_5H1A4951.jpg|YES_5H1A4968.jpg|YES_5H1A4925.jpg|YES_5H1A5091.jpg|YES_5H1A4977.jpg|YES_5H1A4926.jpg|YES_5H1A4992.jpg|YES_5H1A4978.jpg|YES_5H1A4979.jpg|YES_5H1A4921.jpg|YES_5H1A4991.jpg|YES_5H1A4904.jpg
person_14,YES_5H1A4732.jpg|YES_5H1A4619.jpg|YES_5H1A5361.jpg|YES_5H1A5375.jpg|YES_5H1A4562.jpg|YES_5H1A4623.jpg|YES_5H1A5363.jpg|YES_5H1A5380.jpg|YES_5H1A4854.jpg|YES_5H1A5381.jpg|YES_5H1A4476.jpg|YES_5H1A4593.jpg|YES_5H1A4864.jpg|YES_5H1A5344.jpg|YES_5H1A5377.jpg|YES_5H1A4734.jpg|YES_5H1A4836.jpg|YES_5H1A4837.jpg|YES_5H1A5372.jpg|YES_5H1A5385.jpg|YES_5H1A5378.jpg|YES_5H1A4736.jpg|YES_5H1A5398.jpg|YES_5H1A4838.jpg|YES_5H1A5379.jpg|YES_5H1A4866.jpg|YES_5H1A4611.jpg|YES_5H1A5400.jpg|YES_5H1A4834.jpg|YES_5H1A5360.jpg|YES_5H1A4561.jpg
person_15,YES_5H1A5486.jpg|YES_5H1A4611.jpg|YES_5H1A5466.jpg|YES_5H1A4736.jpg|YES_5H1A4620.jpg|YES_5H1A4732.jpg|YES_5H1A4619.jpg|YES_5H1A4562.jpg|YES_5H1A4561.jpg|YES_5H1A5491.jpg|YES_5H1A4576.jpg|YES_5H1A4570.jpg|YES_5H1A4734.jpg|YES_5H1A4623.jpg|YES_5H1A5448.jpg|YES_5H1A4569.jpg|YES_5H1A4578.jpg
person_16,YES_5H1A5190.jpg|YES_5H1A5363.jpg|YES_5H1A5378.jpg|YES_5H1A5186.jpg|YES_5H1A5368.jpg|YES_5H1A5360.jpg|YES_5H1A5345.jpg|YES_5H1A5191.jpg|YES_5H1A5193.jpg|YES_5H1A5361.jpg|YES_5H1A5375.jpg|YES_5H1A5344.jpg|YES_5H1A5377.jpg|YES_5H1A5192.jpg
person_17,YES_5H1A4459.jpg|YES_5H1A4457.jpg|YES_5H1A4457 1.jpg
person_18,YES_5H1A4786.jpg|YES_5H1A4749.jpg|YES_5H1A4785.jpg|YES_5H1A4767.jpg|YES_5H1A4765.jpg|YES_5H1A4788.jpg|YES_5H1A4762.jpg|YES_5H1A4768.jpg|YES_5H1A4758.jpg|YES_5H1A4759.jpg
person_19,YES_5H1A4528.jpg|YES_5H1A4848.jpg|YES_5H1A5012.jpg|YES_5H1A5014.jpg
person_20,YES_5H1A5360.jpg|YES_5H1A5379.jpg|YES_5H1A5380.jpg|YES_5H1A5381.jpg
person_21,YES_5H1A5123.jpg|YES_5H1A5117.jpg|YES_5H1A5119.jpg|YES_5H1A4549.jpg|YES_5H1A5122.jpg|YES_5H1A4593.jpg|YES_5H1A5118.jpg|YES_5H1A5162.jpg
person_22,YES_5H1A4758.jpg|YES_5H1A4760.jpg|YES_5H1A4759.jpg
person_23,YES_5H1A5472.jpg|YES_5H1A5473.jpg
person_24,YES_5H1A4486.jpg|YES_5H1A4481.jpg
